enrollment_id,student_id,course_id,enrollment_ts,price_paid,discount,payment_status,refund_flag,source_system
a04d2270-352c-4f1b-827e-269042b64759,S0001,C-HC-210,2026-01-24 07:00:48,299.00,0.00,paid,false,billing_stripe
7b3fc529-9a15-4cff-8e6d-ce4cd4d04632,S0001,C-HC-210,2025-10-27 12:22:48,249.00,0.00,paid,false,billing_stripe
a87a643e-3eaa-45e8-9b6e-3032bbdd7ebf,S0001,C-HC-210,2025-12-03 22:39:48,249.00,10.00,paid,false,billing_stripe
274c8d7b-9b35-405b-9819-b19a7d418063,S0002,C-HC-210,2025-10-31 12:26:48,199.00,0.00,paid,false,billing_stripe
bca14863-51b4-4920-9b3f-dbd985853c0b,S0003,C-HC-210,2025-12-10 08:59:48,199.00,10.00,paid,false,billing_stripe
f2f81496-2d9e-4c89-af54-34001b57f6f1,S0003,C-RE-101,2025-12-09 19:12:48,199.00,10.00,paid,false,billing_stripe
24d1c9e0-8896-4423-bba5-af9a939b0855,S0004,C-RE-201,2026-01-14 05:13:48,299.00,0.00,paid,false,billing_stripe
78c3c752-1044-4c1e-8842-3384924bfc58,S0005,C-HC-210,2025-12-17 16:36:48,299.00,20.00,paid,false,billing_stripe
c3cbbf6f-6669-4fc6-bf7f-cb98ec6d3d08,S0005,C-FIN-110,2026-01-26 21:20:48,249.00,20.00,paid,false,billing_stripe
8abb8ba9-9a0a-4cfd-82b3-a43fde5abf38,S0005,C-FIN-110,2025-12-13 09:05:48,249.00,20.00,refunded,true,billing_stripe
2bbdd562-0862-45ff-aa55-6405202a81f7,S0006,C-RE-101,2025-11-28 15:52:48,249.00,20.00,paid,false,billing_stripe
186cce8c-af5b-4384-9fad-0087ee4c548e,S0007,C-RE-201,2026-01-04 15:54:48,299.00,0.00,paid,false,billing_stripe
ee1c80c5-3b6b-4b51-9d32-5dad4dc52298,S0007,C-FIN-110,2025-11-16 08:52:48,149.00,0.00,paid,false,billing_stripe
e40c761a-c090-4448-afea-c45fc12fa458,S0007,C-RE-201,2025-12-30 23:26:48,199.00,20.00,paid,false,billing_stripe
517f730a-85a9-4bf7-8a56-b8ecd7b61f66,S0008,C-FIN-110,2026-02-07 01:18:48,299.00,20.00,paid,false,billing_stripe
209a167d-9d06-45e2-9583-8a1079c7ac59,S0008,C-RE-101,2025-12-02 14:15:48,199.00,10.00,paid,false,billing_stripe
f9a7e5a7-0d10-424a-8474-1ab46e001e55,S0008,C-RE-101,2026-01-06 18:00:48,199.00,0.00,paid,false,billing_stripe
1568ecec-0c79-4d13-9865-078e5aa2c597,S0009,C-HC-210,2025-12-12 00:23:48,199.00,10.00,paid,false,billing_stripe
d7466020-a7b0-450a-a5b0-93a063489caf,S0009,C-HC-210,2026-01-22 04:16:48,149.00,0.00,paid,false,billing_stripe
44f8fddc-2750-4832-a67e-30046bc85c6a,S0009,C-FIN-110,2025-10-25 16:16:48,299.00,20.00,paid,false,billing_stripe
261f1f7f-4502-4eb8-b146-f525ebbb7e1d,S0010,C-HC-210,2026-02-09 22:01:48,149.00,20.00,paid,false,billing_stripe
eccfb049-d613-482e-a3fa-7f85e0439a2d,S0010,C-RE-201,2026-01-06 19:27:48,149.00,10.00,paid,false,billing_stripe
4227c611-f73b-4ef3-a55d-d58254b016fb,S0010,C-HC-210,2025-11-09 01:35:48,249.00,20.00,paid,false,billing_stripe
deac042c-027e-406b-a9b3-f6529d0691a2,S0011,C-RE-101,2025-11-24 19:29:48,199.00,0.00,paid,false,billing_stripe
8c45e929-64df-4c5f-bfef-ca3b2634d54f,S0011,C-FIN-110,2026-02-05 06:07:48,249.00,0.00,paid,false,billing_stripe
6d19c0cb-c4bb-450a-ba06-7fa1633bbda2,S0012,C-FIN-110,2025-10-19 10:58:48,99.00,20.00,paid,false,billing_stripe
137f8e71-a4ea-4c50-9125-07386ad943af,S0012,C-RE-101,2025-12-30 04:23:48,199.00,0.00,paid,false,billing_stripe
8f582f26-141f-4ee8-983b-ed6b717aa505,S0013,C-RE-101,2026-01-09 19:40:48,149.00,20.00,paid,false,billing_stripe
1d4ca732-252e-4717-8c91-edf2a7ef59fe,S0014,C-FIN-110,2026-01-19 06:49:48,299.00,20.00,paid,false,billing_stripe
8331e22d-bf7d-4034-9ab7-e80af81b9bf8,S0015,C-RE-101,2026-02-09 03:58:48,299.00,20.00,paid,false,billing_stripe
18fcf9cc-bbf8-46ec-af86-0f7699364405,S0015,C-RE-201,2025-11-16 07:06:48,249.00,0.00,paid,false,billing_stripe
0e18ab8d-cb71-4230-9503-4d642754656f,S0016,C-RE-101,2025-12-10 00:20:48,299.00,0.00,paid,false,billing_stripe
4be2baf4-a947-492b-bff7-19f3e8bde11a,S0017,C-HC-210,2025-12-30 02:37:48,99.00,10.00,paid,false,billing_stripe
e90db6ed-64ac-4a29-a371-5dea599d3b7c,S0017,C-RE-101,2025-11-08 16:37:48,199.00,0.00,refunded,true,billing_stripe
9f01cc05-0add-44ab-b6f4-9200eabb4255,S0017,C-RE-201,2025-10-31 13:55:48,249.00,0.00,paid,false,billing_stripe
6709b524-8854-4d46-b499-67a5a185b56c,S0018,C-FIN-110,2026-01-21 09:34:48,149.00,0.00,paid,false,billing_stripe
3d02adb6-f308-4b13-9d8c-cb3879801500,S0019,C-HC-210,2026-01-14 09:36:48,149.00,10.00,paid,false,billing_stripe
21878873-cbcc-4054-bf7c-2f79f9109242,S0019,C-FIN-110,2026-01-30 23:57:48,249.00,20.00,paid,false,billing_stripe
d3a01eb4-b4ec-4acb-935f-b01db1b2d030,S0019,C-RE-201,2025-12-13 12:53:48,199.00,10.00,paid,false,billing_stripe
edca0201-1bae-4ea0-a827-4e2c4cf80b04,S0020,C-RE-201,2025-12-08 02:04:48,99.00,0.00,paid,false,billing_stripe
610e0ec9-63a0-4426-bda6-2041aee1ee4b,S0020,C-HC-210,2025-11-29 12:57:48,149.00,20.00,paid,false,billing_stripe
d75ced00-c931-4c30-ae7d-b7d5f11a1f9f,S0021,C-HC-210,2026-01-10 14:34:48,99.00,0.00,paid,false,billing_stripe
dfcb6aa6-f583-4c62-8ad2-8b8ae0a8c206,S0021,C-RE-201,2026-02-12 06:30:48,299.00,20.00,refunded,true,billing_stripe
b70ec211-64cc-4d18-9ee0-7ca810f813b0,S0021,C-FIN-110,2025-12-30 22:48:48,99.00,0.00,paid,false,billing_stripe
ffd8334b-c54b-41f6-a480-737e2acb4257,S0022,C-RE-101,2025-12-04 06:51:48,199.00,20.00,paid,false,billing_stripe
6cec4318-fa16-45c9-883a-6ac232be42fc,S0022,C-RE-101,2026-02-11 12:13:48,249.00,20.00,paid,false,billing_stripe
d6faf939-ecd4-4409-9211-4ffb98000f95,S0023,C-HC-210,2026-01-18 16:06:48,249.00,0.00,paid,false,billing_stripe
4e8e88a8-509d-4ce7-8025-fabe3251ff7d,S0023,C-RE-201,2025-10-22 12:56:48,99.00,10.00,paid,false,billing_stripe
00ceee28-4d16-4e6f-9035-073ffa83f9f1,S0024,C-RE-201,2025-11-15 12:25:48,149.00,10.00,paid,false,billing_stripe
d9cd50af-7c0a-4023-bf1a-86365cf4d7e7,S0024,C-RE-201,2026-01-15 20:23:48,199.00,10.00,paid,false,billing_stripe
0e9d26c8-4a93-4726-915b-3b81620c0e9b,S0025,C-RE-101,2026-02-07 01:59:48,249.00,20.00,paid,false,billing_stripe
0ce0d8be-af78-4dd7-924b-52b5df9c9a51,S0025,C-RE-201,2026-01-05 15:20:48,249.00,20.00,paid,false,billing_stripe
da437972-02c0-40db-b2f5-19d7076bf494,S0025,C-RE-201,2025-11-09 06:57:48,299.00,0.00,paid,false,billing_stripe
38b2ad70-23d6-4da7-b3cc-b32d52f3f9f9,S0026,C-RE-201,2026-01-26 00:25:48,149.00,10.00,paid,false,billing_stripe
965ba41e-0702-496f-a3f2-a355a16f935c,S0026,C-RE-101,2026-01-14 04:44:48,299.00,10.00,paid,false,billing_stripe
0faf26f0-6001-451a-8eb1-7bb5825a6cdc,S0027,C-RE-201,2025-12-01 17:15:48,149.00,10.00,paid,false,billing_stripe
edad8bd9-96c0-4c9b-bb6b-686e55f28c55,S0027,C-RE-101,2026-02-05 09:43:48,299.00,10.00,paid,false,billing_stripe
ac17b321-b397-4a3c-938e-8922467541f7,S0027,C-RE-101,2025-12-13 14:50:48,199.00,10.00,paid,false,billing_stripe
5e76da02-c44e-4ec9-9016-df78b440aa80,S0028,C-RE-101,2025-11-19 10:14:48,249.00,20.00,paid,false,billing_stripe
7900dc51-7231-4589-9d45-9b479cc16d0d,S0028,C-RE-201,2026-01-05 13:04:48,199.00,20.00,paid,false,billing_stripe
1b49c6a8-ebb6-43f6-b0f1-abc9fe9f0b63,S0029,C-RE-201,2025-12-18 08:07:48,249.00,0.00,paid,false,billing_stripe
ab646157-879d-4aae-97ce-631dd1502487,S0029,C-HC-210,2025-10-27 15:58:48,149.00,0.00,paid,false,billing_stripe
adbed114-c561-46b8-a6f4-ccc2434ce851,S0030,C-RE-201,2025-12-13 18:55:48,249.00,10.00,paid,false,billing_stripe
9c64bcfc-07bd-4856-adf3-550522ad5095,S0031,C-HC-210,2026-01-16 04:47:48,199.00,0.00,paid,false,billing_stripe
fdd15766-93c0-4752-a219-d936443c1dee,S0031,C-FIN-110,2025-12-09 10:30:48,99.00,20.00,paid,false,billing_stripe
720321ab-2a45-4c07-aef1-6117e84fb932,S0031,C-HC-210,2025-12-31 09:59:48,99.00,0.00,paid,false,billing_stripe
a1512219-1b3a-4e83-a8e1-cce2a003b064,S0032,C-HC-210,2025-11-09 18:07:48,299.00,0.00,paid,false,billing_stripe
b907d1a3-777c-4e0b-b123-a033119849bf,S0032,C-FIN-110,2025-11-06 00:49:48,199.00,0.00,paid,false,billing_stripe
65a3e6e6-7d60-46b9-b3b6-27da7b0a78db,S0033,C-RE-101,2026-02-10 10:16:48,199.00,20.00,paid,false,billing_stripe
9cee44f9-65e4-4d76-bb5b-75bb4d451a1f,S0033,C-FIN-110,2025-10-18 16:04:48,149.00,20.00,paid,false,billing_stripe
47742c70-57bf-4680-ac40-1802ae495d4f,S0033,C-HC-210,2025-11-16 17:05:48,249.00,0.00,paid,false,billing_stripe
7d56b732-151d-4fac-925f-d8df99bc4fb9,S0034,C-FIN-110,2025-11-05 11:29:48,99.00,20.00,paid,false,billing_stripe
82704f9e-89d5-4c1f-90ba-89af4dab751b,S0034,C-RE-101,2025-12-02 20:14:48,299.00,20.00,paid,false,billing_stripe
58cbefa5-5ef4-47ce-a4a5-20e9e1550a17,S0034,C-RE-101,2026-01-22 10:56:48,199.00,20.00,paid,false,billing_stripe
8a22e657-b6d2-43ff-ad6e-1c1e8fd4bdc7,S0035,C-HC-210,2025-10-26 11:38:48,99.00,0.00,paid,false,billing_stripe
c38b6f8c-ddea-4c7d-bf1f-88ce4c9d3734,S0035,C-HC-210,2025-12-09 23:04:48,149.00,20.00,paid,false,billing_stripe
33b4de70-ff95-48d4-bcc5-9419e56d019f,S0035,C-FIN-110,2025-11-28 20:12:48,149.00,10.00,paid,false,billing_stripe
22219328-b19c-4adb-8af9-bae21ce30eb0,S0036,C-RE-201,2025-11-18 12:53:48,199.00,20.00,paid,false,billing_stripe
8f8d2bb6-f4fb-48dc-a3ba-d63f31de47c5,S0036,C-RE-101,2025-12-03 13:50:48,249.00,20.00,paid,false,billing_stripe
f0442954-312f-4a9b-8099-30cd78c90c55,S0037,C-FIN-110,2025-11-16 09:02:48,249.00,10.00,paid,false,billing_stripe
ad1826ec-3cbe-42c4-b0fe-898501a6f482,S0038,C-FIN-110,2025-10-18 17:40:48,199.00,0.00,paid,false,billing_stripe
a203e437-87eb-4dd0-94bc-6bc7e179bbb6,S0038,C-RE-101,2025-11-21 19:10:48,149.00,0.00,paid,false,billing_stripe
fdade3c3-5b12-44e4-85ec-d13a941b641c,S0038,C-RE-101,2025-11-20 07:24:48,299.00,0.00,paid,false,billing_stripe
33d89d0c-e231-45b3-99fd-408f24f5cfd2,S0039,C-RE-201,2025-11-11 02:04:48,199.00,0.00,paid,false,billing_stripe
fae27b58-57d1-443c-9360-cc6e3feed4a1,S0039,C-RE-101,2025-10-22 05:58:48,149.00,0.00,paid,false,billing_stripe
6b6213c9-1557-41f8-9b0c-8add1e9c2f34,S0039,C-RE-201,2025-10-18 11:29:48,199.00,0.00,refunded,true,billing_stripe
8b27aaad-39b3-4f6c-b439-c9fede0eda1f,S0040,C-FIN-110,2025-12-18 14:50:48,299.00,20.00,paid,false,billing_stripe
2da3605a-1ad0-47c2-84f5-071502c1d110,S0040,C-FIN-110,2026-01-22 08:03:48,149.00,20.00,paid,false,billing_stripe
604d41e5-5e59-43d0-8c6c-d336d1e664cc,S0041,C-FIN-110,2025-11-06 01:48:48,149.00,0.00,paid,false,billing_stripe
fc95afca-bf43-439c-aae8-462a2c836d2f,S0041,C-FIN-110,2026-02-03 22:42:48,99.00,0.00,paid,false,billing_stripe
35f4cfd0-ac0d-464e-bbca-05d258131d20,S0041,C-RE-201,2026-02-15 03:00:48,149.00,20.00,paid,false,billing_stripe
f568b90c-7cb7-4a7e-a5ef-092164837fb4,S0042,C-RE-101,2026-01-12 15:01:48,149.00,0.00,paid,false,billing_stripe
9ca8bed7-030d-4633-ab9d-87a456851253,S0042,C-RE-201,2025-12-25 13:52:48,199.00,0.00,paid,false,billing_stripe
19854b8f-d953-4cb0-a2d6-2cbb575037c9,S0042,C-RE-201,2026-01-18 06:54:48,149.00,20.00,paid,false,billing_stripe
d295fe7d-1cd8-4dfa-a430-3ec56568349e,S0043,C-HC-210,2025-11-10 17:33:48,149.00,0.00,paid,false,billing_stripe
c97a239f-b8e0-45a5-bc12-744cd1f00d04,S0043,C-FIN-110,2026-02-05 17:17:48,99.00,0.00,paid,false,billing_stripe
689d9d4f-9c41-4bf8-8962-934c354ef5df,S0043,C-FIN-110,2025-10-28 18:56:48,99.00,0.00,paid,false,billing_stripe
ebdbb13d-941b-4fbc-8f52-b667a4301165,S0044,C-HC-210,2025-11-04 09:55:48,149.00,20.00,paid,false,billing_stripe
54787d42-e86f-4916-beab-035eed7aa6b4,S0044,C-FIN-110,2025-11-15 10:59:48,199.00,0.00,paid,false,billing_stripe
ba946dbf-e9f0-4e25-83f0-55a77f333824,S0044,C-RE-101,2025-12-22 23:40:48,99.00,0.00,paid,false,billing_stripe
03251ff8-3d65-40e5-9253-1ea3b8d9cc55,S0045,C-FIN-110,2025-12-25 05:35:48,149.00,20.00,paid,false,billing_stripe
f6571ff7-27ab-48f2-b219-2c844365923f,S0046,C-HC-210,2026-02-04 13:42:48,299.00,0.00,paid,false,billing_stripe
db87dd17-b4f6-48ab-bbd2-218333aaba97,S0046,C-RE-201,2025-12-08 22:51:48,149.00,0.00,paid,false,billing_stripe
576e85c3-f089-45a4-85fb-b1c4fcc0e72b,S0047,C-HC-210,2025-12-08 22:32:48,149.00,0.00,paid,false,billing_stripe
4ae67945-132f-47d8-9813-b166f082d25a,S0047,C-RE-201,2025-10-18 11:36:48,99.00,0.00,paid,false,billing_stripe
73345ef4-e01b-4ac6-a3fb-fc838ba518c9,S0048,C-RE-201,2026-02-07 07:46:48,99.00,20.00,paid,false,billing_stripe
68f1edd9-cb97-4daa-ad10-4ce1f9f8b8eb,S0049,C-RE-101,2025-12-25 21:10:48,299.00,0.00,paid,false,billing_stripe
9c4fb4df-0905-4f3c-bf08-85d502790d53,S0049,C-FIN-110,2026-01-16 11:48:48,199.00,10.00,paid,false,billing_stripe
793aefd6-1d15-4ac6-8557-d1b4afce4d92,S0049,C-HC-210,2026-01-08 03:21:48,299.00,0.00,paid,false,billing_stripe
9641a12a-76bb-4b28-9343-2183b7330e33,S0050,C-FIN-110,2025-11-24 14:00:48,299.00,10.00,paid,false,billing_stripe
d8b87688-ce9b-43d7-a80f-4c1b59b18186,S0051,C-HC-210,2026-01-22 17:54:48,149.00,0.00,paid,false,billing_stripe
6093daa9-0f2b-4474-9b5d-d8ac5af38963,S0051,C-RE-101,2025-12-05 21:58:48,299.00,0.00,paid,false,billing_stripe
1a9ae79e-93e6-43b7-bd99-2a2ef7e81601,S0052,C-RE-101,2025-10-19 20:30:48,199.00,0.00,paid,false,billing_stripe
38fda37e-8a9d-4fcb-a7b6-512b87bec171,S0052,C-FIN-110,2025-12-28 13:46:48,299.00,0.00,paid,false,billing_stripe
2f75dae2-37b9-4031-8866-6ba5a6ca9095,S0053,C-RE-201,2025-10-27 01:05:48,99.00,0.00,paid,false,billing_stripe
d89d8499-009c-434c-afe3-b979183eb45f,S0053,C-RE-201,2025-11-17 15:39:48,149.00,20.00,paid,false,billing_stripe
c301ecf0-9740-48c5-b9ab-0175e9829a8d,S0054,C-HC-210,2025-12-17 17:43:48,199.00,10.00,paid,false,billing_stripe
8ba2d947-4445-48b2-8514-42513cdb0064,S0054,C-HC-210,2026-02-02 11:54:48,199.00,0.00,paid,false,billing_stripe
655a3be1-5b0f-4b5b-a34c-9825d72e25f4,S0055,C-RE-201,2025-11-13 07:23:48,199.00,20.00,paid,false,billing_stripe
62f53849-3c54-431e-a394-8cb51c64bc05,S0055,C-RE-201,2025-12-28 16:31:48,149.00,20.00,paid,false,billing_stripe
5fb3b3b3-55ae-4650-a9d6-55850575659b,S0055,C-HC-210,2025-11-14 14:37:48,249.00,20.00,paid,false,billing_stripe
5fb95a51-51b1-4460-8d1c-93ce2a6dde04,S0056,C-HC-210,2026-01-22 17:43:48,99.00,0.00,paid,false,billing_stripe
c21acce9-7086-47f5-a298-b5eaf3c75b48,S0057,C-HC-210,2026-01-28 15:10:48,99.00,0.00,refunded,true,billing_stripe
1dd75da6-08ee-4e14-b3e5-5a77c708622b,S0058,C-RE-101,2025-11-27 14:42:48,299.00,20.00,paid,false,billing_stripe
f77e532b-015c-42e5-a9f9-b15dd992ee6c,S0058,C-HC-210,2026-02-14 10:51:48,199.00,10.00,refunded,true,billing_stripe
cf132b09-cefd-48df-8ba4-086842e7f81f,S0059,C-RE-101,2025-12-10 07:09:48,149.00,10.00,paid,false,billing_stripe
500de1f0-0a8b-4873-8429-d389b7adab12,S0060,C-FIN-110,2025-12-25 20:48:48,149.00,0.00,paid,false,billing_stripe
0c50de48-443f-4b41-8534-6a258a1523a2,S0061,C-HC-210,2025-12-28 22:49:48,249.00,0.00,paid,false,billing_stripe
643a8b0c-61cc-48c8-8390-59817843109f,S0062,C-HC-210,2025-11-25 00:48:48,99.00,0.00,paid,false,billing_stripe
836e45d5-0367-4c76-ae50-e6ebcfa6ec31,S0062,C-FIN-110,2026-02-10 08:41:48,199.00,0.00,paid,false,billing_stripe
6a51eb0e-0283-4e43-b5a1-1d256309a4bc,S0063,C-RE-201,2025-11-10 12:32:48,249.00,0.00,paid,false,billing_stripe
9f74052e-ed55-448d-9d78-d309abb3be3f,S0064,C-HC-210,2025-11-20 18:03:48,249.00,0.00,paid,false,billing_stripe
d3a3aa41-dcdb-4ced-83e2-3f60ac393d4e,S0064,C-RE-101,2026-02-02 22:10:48,99.00,10.00,paid,false,billing_stripe
185bd8b7-b5bf-4fd9-84de-652c84bd64ef,S0064,C-RE-101,2025-11-26 02:34:48,249.00,20.00,paid,false,billing_stripe
bf24a162-aedf-466b-b34f-b5350922351e,S0065,C-RE-201,2025-11-19 16:42:48,249.00,0.00,paid,false,billing_stripe
a82f70d7-520e-4d22-8e7f-3a6a45ae6d32,S0065,C-RE-101,2026-02-05 03:15:48,249.00,0.00,paid,false,billing_stripe
8a9e7c2f-c8ea-48f2-90e8-4c9b29aca7ba,S0066,C-RE-101,2026-02-15 01:56:48,199.00,10.00,paid,false,billing_stripe
48ab8c3a-eebf-4174-b8a4-60e38a37d679,S0067,C-HC-210,2025-12-05 17:52:48,249.00,0.00,refunded,true,billing_stripe
8671c09e-f8cf-40d9-9ed9-99e96c04bfa0,S0067,C-FIN-110,2025-10-27 23:24:48,199.00,20.00,paid,false,billing_stripe
0e22d834-4def-4fb9-92ca-1e84e60504e2,S0068,C-RE-201,2025-11-19 23:14:48,149.00,10.00,paid,false,billing_stripe
848a532b-6c97-4151-a9f4-aef4ca5db106,S0068,C-RE-101,2026-01-24 22:07:48,249.00,10.00,paid,false,billing_stripe
04768d3c-407a-49e0-b6a7-18d3aefd20ee,S0068,C-FIN-110,2026-01-14 11:44:48,249.00,0.00,paid,false,billing_stripe
2a8a0c7a-d7a4-4aa9-ac0a-481556744076,S0069,C-HC-210,2026-01-03 16:00:48,199.00,20.00,paid,false,billing_stripe
c04a5774-3633-48ca-9e7b-04aecd677ccc,S0070,C-RE-201,2025-12-16 01:13:48,249.00,10.00,paid,false,billing_stripe
f2d5923b-a03a-45a7-b6bf-2a318026f017,S0070,C-FIN-110,2025-12-29 02:32:48,249.00,10.00,paid,false,billing_stripe
7f6f091b-c692-444a-b255-2df2520fdaa1,S0071,C-RE-201,2025-11-19 18:23:48,249.00,0.00,paid,false,billing_stripe
c4603aa4-9cbd-4c0f-97bb-e6b86ced924f,S0071,C-HC-210,2025-11-20 20:16:48,199.00,0.00,paid,false,billing_stripe
b6e7e53e-7f4c-4773-bb33-5e9677166e06,S0071,C-HC-210,2026-02-05 20:46:48,249.00,20.00,paid,false,billing_stripe
61698431-3d57-4424-9373-b911479acc83,S0072,C-RE-101,2026-02-02 03:42:48,199.00,0.00,paid,false,billing_stripe
c8dfe7b4-75d0-4282-9e7b-64e63f4daa32,S0072,C-FIN-110,2025-11-05 22:18:48,99.00,0.00,paid,false,billing_stripe
8e87c141-4a04-4061-bfc6-a4e08ea5453c,S0073,C-FIN-110,2025-12-26 20:35:48,299.00,0.00,paid,false,billing_stripe
58acde8f-dcb7-4db4-818f-c7b2c718be5d,S0073,C-RE-101,2026-01-08 21:26:48,99.00,0.00,paid,false,billing_stripe
412c3bda-1971-4861-ba8a-e7568d25fada,S0074,C-FIN-110,2025-12-19 04:51:48,249.00,10.00,paid,false,billing_stripe
86427b05-ad67-47b7-a37f-e1947164d6c1,S0074,C-FIN-110,2026-02-07 02:22:48,99.00,0.00,paid,false,billing_stripe
87bf124b-7b19-41c5-a2ff-2e36d7ba5d91,S0075,C-RE-201,2025-12-11 05:49:48,149.00,10.00,paid,false,billing_stripe
11a8005b-aeeb-44f0-9ba0-f0ead6323ff9,S0075,C-HC-210,2025-11-27 06:13:48,249.00,20.00,refunded,true,billing_stripe
aece9cd1-c161-49be-9487-46ab6b5c3aa4,S0075,C-HC-210,2025-12-28 10:39:48,149.00,0.00,paid,false,billing_stripe
62a3b9af-a31d-497c-8285-c5dd3da3658d,S0076,C-RE-201,2025-12-31 01:12:48,249.00,0.00,paid,false,billing_stripe
2f763f2d-4023-4ec9-bfcd-19ca8026280d,S0076,C-HC-210,2025-11-28 22:47:48,99.00,10.00,paid,false,billing_stripe
c022968c-f0c4-4e0c-8cfd-652f1f7ac865,S0076,C-FIN-110,2025-10-20 15:47:48,99.00,0.00,paid,false,billing_stripe
c1d647f9-05a2-4571-8afd-8378d4680dc1,S0077,C-RE-201,2025-12-29 13:15:48,299.00,20.00,paid,false,billing_stripe
c91c5a8f-aee7-431c-9cae-455494523459,S0078,C-RE-201,2025-12-14 14:50:48,149.00,0.00,paid,false,billing_stripe
3ef082b1-6aea-4140-ade1-c868fa2e2ab5,S0078,C-FIN-110,2025-10-30 20:45:48,99.00,10.00,paid,false,billing_stripe
7747ed86-3fdd-4fe4-8271-fa837b60d194,S0079,C-HC-210,2025-12-05 18:43:48,249.00,20.00,paid,false,billing_stripe
397f8759-a0e4-4b08-9105-9c0269f25733,S0080,C-RE-201,2026-02-04 17:23:48,149.00,10.00,refunded,true,billing_stripe
804e41fe-b9cf-45d3-9d3e-4bcd6fabf3b0,S0080,C-RE-201,2025-11-07 20:48:48,249.00,0.00,paid,false,billing_stripe
511c4575-4aed-4c79-b497-be0734680ab3,S0081,C-RE-101,2025-11-09 11:56:48,299.00,0.00,paid,false,billing_stripe
d6833dfc-5209-4503-9b9c-dbec2e6fa68b,S0081,C-FIN-110,2025-10-27 09:56:48,199.00,10.00,paid,false,billing_stripe
fda4bc85-4e46-4dc0-b471-c47e891ef4db,S0081,C-RE-101,2025-11-08 04:11:48,299.00,10.00,paid,false,billing_stripe
fdf59545-6324-46fc-8a94-6211316b1958,S0082,C-RE-201,2025-11-07 04:32:48,149.00,0.00,paid,false,billing_stripe
91a6b506-13e6-46d2-b950-854674bce2b4,S0082,C-RE-201,2026-01-04 13:06:48,199.00,10.00,paid,false,billing_stripe
91a6c544-d7bf-48cc-9456-0db49c7d78b1,S0082,C-RE-201,2025-11-10 21:26:48,99.00,10.00,paid,false,billing_stripe
401fbf27-df32-44e4-949a-411222a93f54,S0083,C-RE-201,2025-11-16 00:31:48,149.00,20.00,paid,false,billing_stripe
290b178b-951e-4cae-a16d-5ed576333924,S0084,C-HC-210,2025-12-28 21:20:48,99.00,20.00,paid,false,billing_stripe
4cedb645-827f-40ce-b32f-8264e54ddb6a,S0084,C-HC-210,2025-12-15 00:47:48,99.00,0.00,paid,false,billing_stripe
7b6a9402-3899-402e-9182-df164a959654,S0084,C-RE-101,2025-11-05 17:59:48,149.00,20.00,paid,false,billing_stripe
8fd3a7f1-8f72-4ab9-99e0-2bbe165ba905,S0085,C-FIN-110,2026-01-02 17:48:48,149.00,20.00,paid,false,billing_stripe
059365f6-3af2-4450-9ca0-986e849d9389,S0085,C-RE-101,2025-11-26 21:23:48,99.00,0.00,paid,false,billing_stripe
c67742c8-0372-4428-93c2-07faddc717aa,S0086,C-RE-201,2025-10-25 15:05:48,149.00,10.00,paid,false,billing_stripe
7973a951-a74b-4e9a-aa5d-44de9c29fc96,S0087,C-FIN-110,2025-11-21 15:14:48,99.00,20.00,paid,false,billing_stripe
d58f4fd8-f53e-4327-8e78-d83ce26fb99c,S0088,C-RE-101,2025-11-17 08:24:48,149.00,20.00,paid,false,billing_stripe
3ef2886f-0568-4eb6-818d-72834d463cb0,S0088,C-RE-101,2026-02-13 13:03:48,99.00,20.00,paid,false,billing_stripe
341019eb-8b83-4f10-958c-1bfaa4c6c13a,S0088,C-RE-201,2025-12-28 08:38:48,99.00,0.00,paid,false,billing_stripe
1659f324-b769-49b4-bbbf-f025fdc6bf74,S0089,C-RE-201,2025-11-24 14:15:48,99.00,0.00,paid,false,billing_stripe
7c36c294-4b76-4ae5-bc63-b5bfd8d2d7cf,S0089,C-FIN-110,2025-11-15 04:44:48,149.00,20.00,paid,false,billing_stripe
d9ba5795-7bcc-40d8-b397-f8281d722cd6,S0090,C-RE-101,2026-01-29 07:47:48,249.00,10.00,paid,false,billing_stripe
29264ab7-ffd7-47ac-a25c-8b7aebc5644f,S0091,C-FIN-110,2025-11-25 09:09:48,299.00,10.00,paid,false,billing_stripe
ec692532-2ac4-4851-8688-9bf4738eef2a,S0092,C-RE-201,2025-11-11 23:06:48,99.00,0.00,paid,false,billing_stripe
e82ac91f-538d-4750-bdd3-5e2b894f3a0b,S0093,C-RE-101,2025-12-10 11:01:48,199.00,0.00,paid,false,billing_stripe
2bb2d12d-5f43-4a58-80e8-e44e049d4a23,S0093,C-FIN-110,2025-12-07 14:13:48,249.00,0.00,refunded,true,billing_stripe
057a1885-6a09-4a48-844e-4cc170e227ae,S0094,C-RE-201,2026-02-10 09:34:48,249.00,10.00,paid,false,billing_stripe
b9f16837-387b-46af-81fe-9114bbf8369b,S0094,C-HC-210,2025-11-17 23:19:48,299.00,0.00,paid,false,billing_stripe
7d1c84d4-4c75-4cf5-bf35-4b81ec02bf13,S0095,C-RE-201,2025-11-04 06:50:48,199.00,20.00,paid,false,billing_stripe
0550e358-bcc0-46df-9bf2-3462e64750d5,S0095,C-HC-210,2025-11-14 04:21:48,149.00,0.00,paid,false,billing_stripe
f23e1b83-6a16-4384-b999-51c3824e75c9,S0095,C-RE-101,2026-01-06 13:37:48,149.00,0.00,refunded,true,billing_stripe
d3af19a7-9c04-4ea8-a08f-01eed45d2c0d,S0096,C-HC-210,2026-01-01 18:51:48,199.00,0.00,paid,false,billing_stripe
521079b1-ab7d-4ea1-97e2-4175f1ffcc28,S0097,C-FIN-110,2025-11-03 22:07:48,299.00,0.00,paid,false,billing_stripe
2e581a46-8f23-4177-839d-fca043e3eeb7,S0098,C-HC-210,2025-12-12 00:21:48,249.00,0.00,paid,false,billing_stripe
e3619300-7eb6-49cd-9804-b44d953d0127,S0098,C-RE-101,2026-01-16 11:52:48,99.00,0.00,paid,false,billing_stripe
d2522bac-45d3-4a9b-8853-9410fb3586d7,S0099,C-HC-210,2025-12-30 22:26:48,149.00,0.00,paid,false,billing_stripe
245fb0db-6979-4c0c-8b53-9ffdfafeb0ec,S0100,C-FIN-110,2026-01-14 21:26:48,199.00,10.00,paid,false,billing_stripe
08be2103-0a22-482f-98d4-729921c9f563,S0101,C-RE-101,2026-01-24 03:33:48,299.00,0.00,paid,false,billing_stripe
109dac2f-f43d-42b5-be0a-bf6557ab5acb,S0102,C-FIN-110,2026-01-05 08:49:48,249.00,0.00,paid,false,billing_stripe
c547ae4f-1b3c-481b-b392-efefd25eda9f,S0102,C-RE-201,2025-12-17 23:47:48,249.00,0.00,paid,false,billing_stripe
edd4786a-a779-4143-a160-9ed58a5a14a8,S0103,C-RE-101,2025-10-18 22:23:48,149.00,10.00,paid,false,billing_stripe
694d6c84-4aed-4e4d-a0fe-cfe06850f30f,S0104,C-HC-210,2025-10-29 11:38:48,199.00,0.00,paid,false,billing_stripe
9a0fa16f-8046-40f3-98f8-237393b56ff6,S0105,C-RE-101,2026-01-27 13:07:48,99.00,0.00,paid,false,billing_stripe
2e826973-d55b-4f6c-820d-c674c30d83e6,S0105,C-FIN-110,2025-12-18 12:19:48,299.00,0.00,paid,false,billing_stripe
7bbafde4-3d4f-41cb-8951-48b332d588f5,S0106,C-RE-101,2025-12-21 14:16:48,149.00,10.00,paid,false,billing_stripe
589e2881-5adb-4d3e-8a04-9548b8d3fc51,S0106,C-FIN-110,2026-01-05 21:07:48,149.00,0.00,paid,false,billing_stripe
52693e2b-4e36-4afe-8d7c-872436750b54,S0106,C-RE-201,2026-02-02 05:56:48,249.00,10.00,paid,false,billing_stripe
938be495-7b56-4374-bc06-08d017e9be7c,S0107,C-HC-210,2026-01-06 21:08:48,99.00,0.00,paid,false,billing_stripe
72a87bb0-446a-49d6-bbfc-9803a7b09b65,S0108,C-FIN-110,2026-01-28 08:39:48,149.00,10.00,paid,false,billing_stripe
0164be06-3492-40c7-b247-7ac6cae3be3c,S0109,C-RE-201,2026-02-11 22:30:48,249.00,0.00,paid,false,billing_stripe
af30e79b-685f-4c58-bc63-8f84983ae8c2,S0109,C-RE-101,2026-02-14 09:31:48,149.00,0.00,paid,false,billing_stripe
a8acf80a-6521-420c-89b0-8261d4e15867,S0110,C-RE-101,2025-12-02 17:08:48,99.00,0.00,paid,false,billing_stripe
38231eba-996a-4374-8c74-a4d6b76929be,S0110,C-RE-201,2026-02-04 01:17:48,99.00,20.00,paid,false,billing_stripe
2997ca47-a869-40ed-bfe2-d407817cb96d,S0110,C-HC-210,2025-12-14 11:00:48,249.00,0.00,paid,false,billing_stripe
a800d2db-fd17-4831-b9bf-8aafb2026f35,S0111,C-HC-210,2025-10-25 07:22:48,299.00,0.00,paid,false,billing_stripe
39a1594c-aee3-4702-97ea-e981e0ce76ef,S0111,C-HC-210,2026-02-08 09:07:48,249.00,0.00,paid,false,billing_stripe
80574ba9-4333-435e-b3e8-fc5a1d108ef7,S0112,C-RE-101,2025-12-28 13:02:48,249.00,20.00,paid,false,billing_stripe
ac4f08ce-a7f5-4f86-84f3-3c907ee39b28,S0112,C-HC-210,2026-01-12 06:23:48,199.00,0.00,refunded,true,billing_stripe
f9afab63-7c5c-48d7-b8cd-237a503ff66a,S0112,C-HC-210,2025-12-09 23:35:48,299.00,0.00,paid,false,billing_stripe
832ad5ba-041f-4079-96b9-5811941dc70e,S0113,C-RE-201,2026-01-11 17:32:48,99.00,0.00,paid,false,billing_stripe
b4f42d3e-d078-4202-9858-769b115893c9,S0113,C-RE-201,2026-01-24 03:47:48,199.00,10.00,paid,false,billing_stripe
8b3d4bc8-fa7d-4c3c-8fda-424d2f2fb4d1,S0113,C-RE-201,2025-12-05 04:31:48,249.00,10.00,paid,false,billing_stripe
2dda6c3c-56e4-4823-a638-9af17bfc6487,S0114,C-RE-201,2025-11-30 04:23:48,299.00,20.00,refunded,true,billing_stripe
7578a068-bba0-4b00-90ae-d4cb4cad6141,S0115,C-RE-201,2025-10-21 01:21:48,99.00,0.00,paid,false,billing_stripe
c0d8e329-c64d-4f4b-b34f-68c611646118,S0115,C-FIN-110,2026-02-05 23:39:48,249.00,0.00,paid,false,billing_stripe
8e64c637-6fa4-418f-af20-a6fee93dfda8,S0116,C-HC-210,2025-11-05 14:53:48,199.00,0.00,paid,false,billing_stripe
ad051bab-7b90-4ee8-9df7-8715110500fe,S0117,C-RE-201,2025-12-29 01:38:48,199.00,0.00,paid,false,billing_stripe
380bbf44-fda5-4615-b6ee-209bcdb0f26d,S0118,C-RE-101,2026-01-22 16:04:48,299.00,0.00,paid,false,billing_stripe
af17794a-7e83-4ee8-a02e-877b6618b6d8,S0118,C-RE-201,2026-01-03 12:20:48,149.00,10.00,paid,false,billing_stripe
cce30b08-2433-4569-833d-fd5920a04c88,S0118,C-FIN-110,2025-12-20 11:08:48,149.00,0.00,paid,false,billing_stripe
d0b69fee-5d2e-445a-93eb-2ac431e6db32,S0119,C-RE-101,2026-02-08 22:56:48,249.00,0.00,paid,false,billing_stripe
fe87397d-3ae8-412f-a138-fb093435a644,S0120,C-HC-210,2026-02-02 19:34:48,299.00,0.00,paid,false,billing_stripe
bfeefde1-ff1d-4055-ba4b-2b1a53a7f5ef,S0120,C-FIN-110,2026-02-13 01:08:48,99.00,0.00,paid,false,billing_stripe
7dc7b6f9-10db-463a-96f8-5d09b9d4c152,S0121,C-RE-101,2025-12-07 09:03:48,299.00,20.00,paid,false,billing_stripe
1ccbe4f5-4af3-44f2-8851-d2078f6add92,S0121,C-HC-210,2026-01-26 10:18:48,199.00,0.00,paid,false,billing_stripe
84963436-13ff-4b85-8d27-3dcccad648e9,S0121,C-FIN-110,2026-01-08 04:18:48,99.00,20.00,paid,false,billing_stripe
019082d4-9b75-4a85-a4da-44261693e696,S0122,C-FIN-110,2026-02-14 22:19:48,199.00,20.00,paid,false,billing_stripe
a43680b3-3938-4975-822d-d0fa82f0b53a,S0123,C-FIN-110,2026-02-04 19:30:48,99.00,10.00,paid,false,billing_stripe
a0315510-fe2f-49a5-b4a0-dcd932346b85,S0124,C-FIN-110,2026-02-03 14:50:48,249.00,0.00,paid,false,billing_stripe
04b427e2-8be6-498c-9413-93bff2167e0d,S0124,C-RE-201,2025-12-20 10:08:48,249.00,20.00,paid,false,billing_stripe
80e8799f-d8f9-4aad-ba6f-92caf7d38b24,S0124,C-RE-201,2025-11-10 12:42:48,99.00,0.00,paid,false,billing_stripe
160bca3a-82f0-4043-a1a3-90ef8adbfad8,S0125,C-RE-201,2025-12-07 09:31:48,249.00,20.00,paid,false,billing_stripe
7f0d14e6-9cfb-4f10-8299-6481c1e0cd83,S0125,C-HC-210,2026-01-08 08:59:48,99.00,0.00,paid,false,billing_stripe
c520eed0-237a-44b6-a367-ac1ad092a4f5,S0125,C-RE-201,2026-01-19 05:16:48,99.00,20.00,paid,false,billing_stripe
fb8e7e5b-8328-4717-955a-bc2159e8c675,S0126,C-RE-201,2025-10-31 16:08:48,199.00,0.00,paid,false,billing_stripe
c58f5562-3c74-43da-9225-e3118910a450,S0126,C-FIN-110,2025-10-29 02:51:48,249.00,0.00,paid,false,billing_stripe
35115267-d9b5-4393-b7d2-a393fc2801e4,S0126,C-RE-101,2025-12-24 07:15:48,299.00,0.00,paid,false,billing_stripe
759cf794-26c1-4728-9020-f6b3c468cceb,S0127,C-FIN-110,2025-10-25 22:08:48,249.00,20.00,paid,false,billing_stripe
ecd916c4-4737-4fbe-97b0-e53f3f0a6e6c,S0127,C-RE-201,2026-01-10 23:15:48,299.00,20.00,refunded,true,billing_stripe
e7d0343a-8459-4b46-afbe-12fe7634b2a8,S0128,C-HC-210,2025-10-21 02:27:48,199.00,0.00,paid,false,billing_stripe
e2ff3095-52a0-4de5-8dfa-f87a6a07ee97,S0129,C-HC-210,2025-10-28 12:41:48,99.00,0.00,paid,false,billing_stripe
ece92f0a-4aa5-44f7-b929-1a6c56c9a12b,S0129,C-FIN-110,2025-11-13 21:46:48,99.00,0.00,paid,false,billing_stripe
36c2e286-68aa-4a74-a92e-4a920ba2f8ff,S0130,C-FIN-110,2025-11-02 09:52:48,149.00,0.00,paid,false,billing_stripe
f797e399-6882-49ab-8d61-937ab9adcd9e,S0130,C-RE-201,2025-11-07 18:28:48,299.00,0.00,paid,false,billing_stripe
332f9def-8a32-4f6d-b037-547e8a9b8035,S0130,C-RE-201,2026-02-10 21:21:48,199.00,0.00,paid,false,billing_stripe
7b0643f4-be4f-468f-b8ba-8d7669a23736,S0131,C-RE-101,2025-11-20 11:09:48,199.00,20.00,paid,false,billing_stripe
cbe5c3fb-a797-4f4a-9cf4-24ac2afc0825,S0131,C-FIN-110,2026-01-02 05:31:48,199.00,0.00,paid,false,billing_stripe
98a8537f-d5db-4f0a-98a5-efc01bcbc834,S0131,C-RE-201,2025-10-28 16:35:48,149.00,0.00,paid,false,billing_stripe
349dd53d-a7e4-4e5c-9271-30ecfdc158cc,S0132,C-HC-210,2025-12-12 10:29:48,99.00,20.00,paid,false,billing_stripe
befcd3c7-886e-4bcc-ac1b-5dde43043929,S0132,C-RE-201,2026-01-13 15:33:48,199.00,10.00,paid,false,billing_stripe
744bbd19-ba52-4c9c-b9b7-06b78186d685,S0132,C-HC-210,2026-01-14 04:55:48,199.00,20.00,paid,false,billing_stripe
625dcbc3-d2f6-4019-a1c4-9800b84fc317,S0133,C-FIN-110,2026-01-07 14:18:48,249.00,0.00,paid,false,billing_stripe
9a76936f-fc70-45db-9e1e-6721380b6f47,S0133,C-FIN-110,2026-01-12 14:39:48,199.00,0.00,paid,false,billing_stripe
0ca0f1aa-c690-4fb2-96ce-774a853d11ca,S0133,C-HC-210,2025-11-23 00:41:48,149.00,0.00,paid,false,billing_stripe
4237bd58-946d-434a-9389-bed6239662a4,S0134,C-HC-210,2025-12-27 12:22:48,299.00,0.00,paid,false,billing_stripe
3ae5c40b-452b-449c-95c4-f4cbabde59ed,S0134,C-FIN-110,2025-12-13 01:30:48,149.00,0.00,paid,false,billing_stripe
505bc51e-0d53-4816-addb-2406a09b7174,S0135,C-FIN-110,2025-11-14 17:36:48,149.00,10.00,paid,false,billing_stripe
83b22458-0e62-4ada-8d0b-e86e7bf83fd4,S0135,C-RE-201,2025-11-12 01:58:48,199.00,10.00,paid,false,billing_stripe
e218bd25-dcca-4b29-b5ba-563e68cab314,S0135,C-RE-101,2025-12-17 09:29:48,299.00,0.00,paid,false,billing_stripe
22b33fb0-17e3-49a9-b8dc-b9fcb7230092,S0136,C-HC-210,2025-12-10 01:58:48,99.00,0.00,paid,false,billing_stripe
511b085b-1f1b-4899-adba-fc39cd1cac77,S0136,C-HC-210,2025-12-04 21:15:48,199.00,0.00,paid,false,billing_stripe
09861068-1d8b-43a1-b783-f8e3f391c5e1,S0136,C-RE-201,2026-01-05 15:21:48,99.00,20.00,paid,false,billing_stripe
996b47f6-c307-4717-8070-3faffc72860c,S0137,C-RE-101,2026-01-29 15:57:48,249.00,20.00,paid,false,billing_stripe
b1076c10-4ebd-4dc4-a9ba-f9f7479f3363,S0137,C-RE-101,2026-02-10 18:12:48,199.00,0.00,paid,false,billing_stripe
0fb372b1-6521-4700-bdd9-444d2e2a3c25,S0138,C-RE-101,2025-11-26 12:09:48,149.00,10.00,paid,false,billing_stripe
138c12ef-c2ae-4dc5-ab7f-0c6dc6d97c5d,S0139,C-FIN-110,2026-01-25 08:32:48,99.00,10.00,paid,false,billing_stripe
a0236362-a62a-41b1-a422-295005799f45,S0139,C-HC-210,2025-10-24 14:16:48,199.00,20.00,paid,false,billing_stripe
5c4ad320-9258-4876-9ae9-a9b83819980f,S0139,C-HC-210,2026-02-13 04:10:48,149.00,0.00,paid,false,billing_stripe
f6c7c955-eaa0-4df8-9400-3f372f482777,S0140,C-FIN-110,2025-11-15 14:34:48,99.00,20.00,paid,false,billing_stripe
e1002d85-2778-47c4-b9fa-7c1d394acf0a,S0141,C-RE-101,2025-11-23 07:43:48,99.00,0.00,paid,false,billing_stripe
70c9dd07-73b4-4ed8-805d-916230418921,S0141,C-HC-210,2026-01-30 18:08:48,249.00,0.00,paid,false,billing_stripe
90dbf8a9-d0ab-47ae-81c1-db50284b0705,S0141,C-HC-210,2025-11-23 07:42:48,299.00,10.00,paid,false,billing_stripe
e4cbb4b5-835b-4962-98d5-4152308772f6,S0142,C-RE-101,2026-01-10 07:34:48,99.00,20.00,paid,false,billing_stripe
2ec3d43b-ba82-454a-83d5-7325991337e0,S0143,C-RE-201,2025-12-31 12:58:48,199.00,0.00,refunded,true,billing_stripe
eb6a1455-45e6-434f-8709-10f7ce6cb1e6,S0143,C-HC-210,2026-01-04 04:24:48,99.00,0.00,paid,false,billing_stripe
6c837972-753c-46be-bb41-3acf20640622,S0143,C-RE-201,2026-02-03 19:20:48,99.00,10.00,paid,false,billing_stripe
07569f51-7c7a-4637-bb4f-f2ba193b7f84,S0144,C-HC-210,2026-02-09 07:32:48,149.00,0.00,paid,false,billing_stripe
1aaa17ea-a330-4d20-ae8a-935b7f4c1aad,S0144,C-HC-210,2025-11-13 08:18:48,99.00,0.00,paid,false,billing_stripe
3c6c454b-d35f-4e13-9060-5c2981950a78,S0145,C-HC-210,2025-11-28 02:28:48,99.00,10.00,paid,false,billing_stripe
913ed5ec-3e73-40a4-a077-fce22b4df999,S0145,C-HC-210,2025-12-25 21:07:48,249.00,20.00,paid,false,billing_stripe
4f23eea4-93ed-4778-8024-7861ad1bcf76,S0146,C-RE-101,2025-10-30 06:18:48,249.00,20.00,paid,false,billing_stripe
a125c39f-4067-46a3-99b2-8844f3d39318,S0147,C-HC-210,2025-11-07 23:45:48,99.00,0.00,paid,false,billing_stripe
56c4ac88-9353-466d-bb09-e6199fdb3ee3,S0147,C-HC-210,2025-12-21 10:20:48,199.00,10.00,refunded,true,billing_stripe
5e26b7f2-aaba-49e2-91d2-6a1633c557de,S0147,C-FIN-110,2025-12-10 18:40:48,299.00,0.00,paid,false,billing_stripe
8fede9f0-8255-42ee-9f45-1e77501b12f8,S0148,C-HC-210,2026-01-26 17:27:48,299.00,0.00,refunded,true,billing_stripe
4a992556-19fc-48fa-a881-42fb5d7026af,S0148,C-HC-210,2025-10-27 06:20:48,249.00,10.00,paid,false,billing_stripe
5f31db0f-590f-4c7f-ae2d-77f38eecef40,S0149,C-RE-201,2025-12-06 15:00:48,249.00,0.00,paid,false,billing_stripe
8c378563-4f12-4749-859e-56c6ee977f1f,S0149,C-RE-101,2025-10-28 19:56:48,199.00,0.00,paid,false,billing_stripe
43350347-2c94-42e2-8b31-71d542b205e5,S0149,C-HC-210,2025-12-25 09:49:48,299.00,0.00,paid,false,billing_stripe
cd9b4b32-b6fe-4cdc-96bf-504022a2f155,S0150,C-HC-210,2026-01-02 23:32:48,99.00,0.00,paid,false,billing_stripe
0be357b9-0d02-45ef-9872-62a1cd5d926b,S0150,C-FIN-110,2025-11-15 21:17:48,99.00,0.00,refunded,true,billing_stripe
c81a7518-7408-4994-89d2-0b250ed58036,S0150,C-FIN-110,2025-11-18 08:22:48,149.00,20.00,paid,false,billing_stripe
89f8509b-f94c-429d-a9c0-098cae73827d,S0151,C-RE-201,2026-01-22 07:25:48,249.00,0.00,paid,false,billing_stripe
110d8590-34cf-453a-abfe-160e09766136,S0151,C-RE-101,2025-11-10 22:22:48,299.00,0.00,paid,false,billing_stripe
ca3a1678-d7a3-4a09-a049-a62ce4e6aee4,S0152,C-RE-201,2025-12-14 10:51:48,99.00,20.00,paid,false,billing_stripe
fc82a69e-4b85-400e-94b9-8e1bee166cd7,S0152,C-RE-201,2025-11-14 07:18:48,249.00,10.00,paid,false,billing_stripe
6a681159-0eea-42b9-bed3-33fdeabbd702,S0152,C-RE-201,2026-01-10 23:03:48,199.00,20.00,paid,false,billing_stripe
d8fcd6b7-9b66-4bc1-8b1f-de8f8cebd5f3,S0153,C-FIN-110,2025-10-30 12:49:48,199.00,0.00,paid,false,billing_stripe
bf5a3a68-76d0-49d3-9dd1-519a537e05cd,S0153,C-RE-201,2025-11-16 15:13:48,299.00,10.00,paid,false,billing_stripe
9816a172-3eb5-4d84-b078-e119ec90dc4c,S0153,C-HC-210,2025-11-20 11:27:48,299.00,10.00,paid,false,billing_stripe
48b47749-5c8c-43e8-be68-a41e1a119a63,S0154,C-RE-101,2026-02-11 23:15:48,99.00,0.00,paid,false,billing_stripe
a6f2844a-f1d7-4a8d-a90c-1bb06a581c07,S0154,C-FIN-110,2026-01-28 09:40:48,199.00,0.00,paid,false,billing_stripe
f32aeba2-f63d-49d5-b59c-dda82e5f6f6e,S0154,C-HC-210,2026-02-01 15:29:48,299.00,0.00,paid,false,billing_stripe
13067ce5-752b-4b31-94ce-0d939826e03f,S0155,C-FIN-110,2025-11-18 14:21:48,249.00,20.00,paid,false,billing_stripe
4b711225-3f9e-40a5-8872-793949b15219,S0156,C-FIN-110,2026-01-20 15:29:48,249.00,0.00,paid,false,billing_stripe
fe434df0-2b31-4d87-9aa8-a8b8cd51d41b,S0157,C-RE-201,2026-01-08 21:13:48,99.00,0.00,paid,false,billing_stripe
c3fabfd0-eab8-4771-9949-067dbe7e3dc6,S0157,C-HC-210,2026-02-09 22:07:48,299.00,10.00,paid,false,billing_stripe
fa6a38e8-9944-4817-9ec0-c9a800046f12,S0157,C-RE-101,2026-01-03 20:39:48,149.00,0.00,paid,false,billing_stripe
5035c3e9-101d-4bc2-909b-f760f2820efd,S0158,C-FIN-110,2025-12-14 16:49:48,199.00,0.00,paid,false,billing_stripe
471fc39f-5181-41be-a0fb-2adc3bbaa2e4,S0158,C-RE-201,2025-12-11 08:34:48,299.00,0.00,paid,false,billing_stripe
b02884a8-aca9-457e-8a4b-24e02e6433ed,S0158,C-RE-101,2026-01-02 03:28:48,149.00,10.00,paid,false,billing_stripe
8cb7fc83-8403-4260-8ac9-7dc3f0cb2cbf,S0159,C-HC-210,2025-12-05 15:24:48,99.00,10.00,paid,false,billing_stripe
f1adc8b7-fb8e-4149-be5f-ad01b644d7b3,S0159,C-FIN-110,2025-12-29 08:00:48,199.00,10.00,refunded,true,billing_stripe
3ae04848-0096-4aca-a849-7223023638eb,S0159,C-HC-210,2025-12-15 10:06:48,149.00,10.00,paid,false,billing_stripe
44a85d2d-408c-4ede-9c5e-2b1b5dc95b52,S0160,C-RE-101,2025-11-27 09:11:48,149.00,20.00,paid,false,billing_stripe
cbcc8df5-b18b-437e-973b-dcd7d81775cc,S0160,C-RE-101,2025-11-11 14:15:48,99.00,20.00,paid,false,billing_stripe
11b275be-0589-4acc-a93d-bfff29b39b38,S0160,C-RE-101,2026-02-09 05:34:48,199.00,0.00,paid,false,billing_stripe
25796eb8-bf62-4d40-bced-1921af9a6902,S0161,C-HC-210,2025-12-19 14:59:48,249.00,10.00,refunded,true,billing_stripe
85e12444-5e19-43fb-8647-29c2e9dff2e8,S0161,C-RE-101,2025-11-10 11:47:48,99.00,0.00,paid,false,billing_stripe
00873355-b590-4cd5-89bd-f07266db6696,S0162,C-FIN-110,2025-11-30 09:06:48,249.00,20.00,paid,false,billing_stripe
82cd97f9-00a7-4890-9da2-3259847cc7b5,S0162,C-RE-201,2025-12-09 04:16:48,249.00,10.00,paid,false,billing_stripe
e0a9e68b-7cfe-42df-8732-a77b1a506df4,S0163,C-FIN-110,2026-02-13 17:29:48,299.00,0.00,paid,false,billing_stripe
b1f609b9-7388-47be-be0f-ab2f244aea6a,S0163,C-RE-101,2026-01-07 04:37:48,199.00,0.00,paid,false,billing_stripe
3c968637-15e7-4e97-8012-e814f782d066,S0163,C-RE-201,2026-01-23 03:45:48,199.00,0.00,paid,false,billing_stripe
605503b9-debd-48eb-b8ef-e2d4584d159f,S0164,C-HC-210,2025-11-24 18:20:48,199.00,0.00,paid,false,billing_stripe
eae4d066-9a95-481e-a1f5-e5bbafd7dd63,S0164,C-FIN-110,2026-01-01 06:42:48,149.00,0.00,paid,false,billing_stripe
eaa6546b-0a78-4353-ab44-9b0df844e99e,S0164,C-FIN-110,2025-12-14 21:03:48,299.00,10.00,paid,false,billing_stripe
43cc1567-8923-45ec-8cec-9719949e35c3,S0165,C-HC-210,2026-01-25 11:04:48,149.00,0.00,paid,false,billing_stripe
37ab66fa-1f4c-478f-b796-ecf01d48d96c,S0165,C-FIN-110,2026-01-28 13:38:48,199.00,20.00,paid,false,billing_stripe
e69dea8f-4d79-47af-9c05-43bcac3a489c,S0166,C-RE-101,2026-01-23 14:46:48,99.00,10.00,paid,false,billing_stripe
a5f0a30d-6828-4326-bfe2-dd6ea44565e1,S0166,C-FIN-110,2025-11-13 15:20:48,99.00,0.00,paid,false,billing_stripe
ff87b1cb-900e-44d2-96e0-a46ec6b0baa3,S0167,C-RE-201,2025-10-22 09:49:48,199.00,20.00,paid,false,billing_stripe
c223ba7c-c2dd-4625-b065-e937a8a0ba2d,S0167,C-HC-210,2026-01-17 16:38:48,199.00,0.00,paid,false,billing_stripe
58542db9-3a6b-49c5-bc79-b46dc1ff7885,S0167,C-HC-210,2025-12-30 19:24:48,149.00,0.00,paid,false,billing_stripe
3b47ec4e-ad82-4ac4-b116-bf064f2321b2,S0168,C-RE-201,2025-12-04 16:42:48,149.00,20.00,paid,false,billing_stripe
0ee43b9c-55da-46dc-ac64-a8ff77f16664,S0169,C-RE-201,2026-02-07 03:01:48,149.00,0.00,paid,false,billing_stripe
4f23cbfe-d778-4352-b36a-9a59f1f6bb13,S0169,C-HC-210,2025-12-16 20:28:48,99.00,0.00,paid,false,billing_stripe
809f3f87-e799-48e5-8c3e-81ae0aa9098c,S0170,C-FIN-110,2025-10-31 12:08:48,299.00,0.00,paid,false,billing_stripe
94f35671-15b4-4531-b441-212f00b6df38,S0170,C-RE-101,2025-12-11 03:00:48,149.00,20.00,paid,false,billing_stripe
957236b0-75f7-4c89-9bfc-fb197b2d267d,S0170,C-HC-210,2025-10-24 16:24:48,299.00,0.00,paid,false,billing_stripe
59202494-2b86-4471-8bc2-ad7feb6d248d,S0171,C-FIN-110,2026-01-19 07:13:48,149.00,10.00,paid,false,billing_stripe
7d100957-18e1-4cf1-b9ff-8be7c90cf5d3,S0171,C-HC-210,2025-11-04 00:38:48,99.00,20.00,paid,false,billing_stripe
81748440-7e58-4613-a50c-2719674abe06,S0171,C-RE-201,2025-11-24 22:23:48,149.00,0.00,paid,false,billing_stripe
1416b35b-1c7e-4cb0-a3b1-91760e2edba2,S0172,C-RE-101,2025-10-23 17:15:48,99.00,0.00,paid,false,billing_stripe
84c127c7-01ab-4a77-a4ce-bd527aa0627b,S0172,C-RE-101,2025-10-25 11:38:48,199.00,0.00,paid,false,billing_stripe
f5c38319-91f4-4402-98fa-0849046f7cb6,S0172,C-RE-201,2026-01-17 21:46:48,149.00,0.00,paid,false,billing_stripe
a09979f7-c2eb-440a-926a-d0d055348ff7,S0173,C-FIN-110,2025-10-19 20:46:48,299.00,0.00,paid,false,billing_stripe
86901852-adb5-4d56-9e7a-93af88b47f76,S0174,C-RE-101,2026-01-20 18:29:48,299.00,20.00,paid,false,billing_stripe
e1bc9697-2dc9-45d3-bfa2-3d9eb898eb98,S0175,C-RE-101,2025-10-25 17:52:48,99.00,0.00,paid,false,billing_stripe
c0b60bb4-912e-4da9-9663-08903a82d7e8,S0175,C-HC-210,2025-12-10 22:01:48,99.00,20.00,paid,false,billing_stripe
0bbdb458-9094-40e4-b83e-75be7f44f42b,S0176,C-RE-101,2025-12-23 07:08:48,249.00,0.00,paid,false,billing_stripe
a3a7d792-750b-454b-938b-341b7fad2993,S0176,C-HC-210,2026-01-14 05:24:48,99.00,0.00,paid,false,billing_stripe
79671ca2-7ef3-4f3c-8673-621c8433fa39,S0177,C-FIN-110,2025-12-25 00:18:48,149.00,20.00,paid,false,billing_stripe
3173e120-2eaa-4a6f-9768-aaa1bccbd568,S0177,C-HC-210,2025-12-04 23:45:48,199.00,20.00,paid,false,billing_stripe
9d32b19a-0a16-45ce-8577-25e9fcb58e67,S0177,C-RE-201,2025-12-29 17:49:48,249.00,10.00,paid,false,billing_stripe
569d579b-4ba8-495c-9dda-0567a583daf5,S0178,C-HC-210,2025-11-13 06:30:48,99.00,0.00,paid,false,billing_stripe
9d75381a-6fbd-4028-9713-fa2d3f672119,S0178,C-RE-201,2025-12-11 22:34:48,199.00,0.00,paid,false,billing_stripe
8129b5da-f58f-4f5c-8410-c156e57f72dd,S0178,C-RE-201,2025-12-16 15:57:48,99.00,0.00,paid,false,billing_stripe
f3fb4d76-e38b-479e-a26c-97d75581a2fa,S0179,C-RE-101,2025-11-14 22:25:48,249.00,10.00,paid,false,billing_stripe
b19543f6-1491-474f-8509-7db06d2daea6,S0179,C-HC-210,2025-12-21 11:12:48,299.00,10.00,paid,false,billing_stripe
117160a0-cfc9-440e-854c-3619d65946f0,S0179,C-RE-201,2025-11-21 10:01:48,149.00,0.00,paid,false,billing_stripe
50a88a82-e4e9-46ed-a0ea-db5e993de9fe,S0180,C-FIN-110,2025-11-21 22:59:48,299.00,0.00,paid,false,billing_stripe
025f9919-6e5b-47a0-bbc1-cceacb9082e5,S0180,C-FIN-110,2025-11-14 17:26:48,299.00,10.00,paid,false,billing_stripe
d4feb62a-582e-4721-b9d1-a0040ec1b07b,S0181,C-RE-201,2025-12-18 22:48:48,99.00,10.00,paid,false,billing_stripe
be9ff45a-3d35-47aa-8037-0e7301b63dde,S0181,C-RE-101,2025-12-13 02:03:48,99.00,10.00,paid,false,billing_stripe
bb8b8856-7650-4429-9e7d-85cb7b717bb3,S0181,C-HC-210,2025-12-28 16:54:48,149.00,10.00,paid,false,billing_stripe
0b64c6db-cfb3-454a-8a27-f2d879ebc786,S0182,C-RE-101,2025-12-16 08:08:48,99.00,20.00,paid,false,billing_stripe
e3c7b39e-0d5d-4eef-a78d-6cb57c33e29f,S0182,C-FIN-110,2025-12-24 23:51:48,299.00,0.00,paid,false,billing_stripe
9acf3a8c-2674-44c3-a28e-df822c91c6c5,S0182,C-FIN-110,2026-02-03 22:41:48,199.00,0.00,paid,false,billing_stripe
c2cd1982-73e8-41aa-a47a-21a4b2d212d0,S0183,C-FIN-110,2026-01-18 17:07:48,149.00,0.00,paid,false,billing_stripe
746d074a-af16-4602-84f7-2c0851511b03,S0183,C-RE-201,2025-10-27 03:11:48,149.00,0.00,paid,false,billing_stripe
1bfc7bf7-0d6d-4cd0-aad4-0fff27e82166,S0184,C-RE-101,2025-10-21 08:41:48,249.00,0.00,paid,false,billing_stripe
e3d1443b-a705-49d5-8709-1fbf3fac49d9,S0185,C-FIN-110,2025-11-28 00:53:48,299.00,10.00,paid,false,billing_stripe
93f17bd4-3e92-4f4a-9911-2a9f41ecc9ec,S0185,C-HC-210,2026-01-17 17:16:48,99.00,20.00,paid,false,billing_stripe
7107be01-54f0-4eb2-8be9-aafc9147c3cc,S0186,C-FIN-110,2025-12-26 13:35:48,149.00,20.00,paid,false,billing_stripe
ee7da265-c0c0-43d3-9b15-720ecf27ecce,S0186,C-FIN-110,2025-11-19 11:24:48,149.00,20.00,paid,false,billing_stripe
931bbf58-bc72-4151-b63a-2e3597b3d5bd,S0186,C-FIN-110,2026-01-22 18:08:48,149.00,10.00,paid,false,billing_stripe
9191bca8-9966-4176-b038-e747f40fe181,S0187,C-HC-210,2025-12-23 04:58:48,199.00,10.00,paid,false,billing_stripe
9d27499c-8896-4a18-bdf3-3a9854b22623,S0188,C-RE-201,2025-12-03 14:10:48,99.00,10.00,paid,false,billing_stripe
9056b3c4-4256-4854-bb74-2fff9fc6c7fe,S0189,C-RE-201,2026-01-27 12:15:48,249.00,0.00,paid,false,billing_stripe
d6ce558a-0cb0-476e-a78c-bb895b031940,S0189,C-FIN-110,2025-11-06 20:05:48,199.00,0.00,paid,false,billing_stripe
ed3c0c5a-0e50-4579-b956-2c3cd3170119,S0190,C-FIN-110,2025-12-16 15:18:48,249.00,10.00,paid,false,billing_stripe
ea0180a6-cc62-4f2d-95e3-7ef11ae1743f,S0191,C-RE-101,2025-12-25 08:02:48,299.00,0.00,paid,false,billing_stripe
67533393-2ea2-4d95-b536-b1d9bb1545db,S0191,C-FIN-110,2026-01-01 00:41:48,299.00,20.00,paid,false,billing_stripe
732a2042-924b-4e5e-a8dd-cefcf12393a8,S0192,C-FIN-110,2025-12-17 15:15:48,149.00,10.00,paid,false,billing_stripe
e7deabf8-d71c-4b00-a679-8ffaac6682a5,S0192,C-RE-101,2026-02-05 06:03:48,149.00,10.00,paid,false,billing_stripe
e7f0c36d-cda2-411a-9a48-7b0d6644f530,S0193,C-HC-210,2026-01-11 20:35:48,199.00,20.00,paid,false,billing_stripe
04048270-f763-43ef-b96a-9c8424a8b775,S0193,C-RE-201,2025-11-14 03:42:48,199.00,0.00,paid,false,billing_stripe
66b54bec-6ac9-4410-85b8-70db76bde66a,S0193,C-RE-101,2026-02-06 19:49:48,99.00,0.00,paid,false,billing_stripe
2e9f02f9-c7f0-45b0-a1c3-99c3ecf660af,S0194,C-FIN-110,2025-11-28 07:19:48,249.00,10.00,paid,false,billing_stripe
7bde18a9-cadb-426a-85e3-55ca5c568f57,S0195,C-RE-201,2026-01-29 18:31:48,149.00,0.00,refunded,true,billing_stripe
8c929fe8-5d19-4e06-acf0-6f26fc7a4a51,S0195,C-HC-210,2025-12-17 17:25:48,199.00,20.00,paid,false,billing_stripe
757ff1ba-40af-4cc1-8c97-4b3011c3727e,S0195,C-HC-210,2025-11-26 11:44:48,299.00,20.00,paid,false,billing_stripe
e46527e6-5039-418c-9f4d-c04a2dd50613,S0196,C-HC-210,2025-12-08 03:33:48,99.00,20.00,paid,false,billing_stripe
49c4b0d6-9417-4446-b5c4-620f9e492236,S0196,C-RE-201,2026-01-08 11:24:48,299.00,0.00,paid,false,billing_stripe
1a11d9c4-c113-40b5-9ff3-00939147f3c7,S0197,C-HC-210,2025-11-10 20:05:48,99.00,20.00,paid,false,billing_stripe
e813b663-427d-4ffb-95fc-9033f4410ae0,S0197,C-FIN-110,2026-01-21 21:28:48,299.00,20.00,paid,false,billing_stripe
6e784b2c-8cdc-4376-b403-6916b97152dd,S0197,C-HC-210,2026-01-18 03:19:48,249.00,0.00,paid,false,billing_stripe
a97415c2-8415-4d5e-a2d4-05d35075e755,S0198,C-FIN-110,2025-12-25 04:30:48,99.00,0.00,paid,false,billing_stripe
41b867b9-0e5b-4577-b222-f9f08e2c92d3,S0198,C-HC-210,2026-01-11 12:45:48,249.00,0.00,paid,false,billing_stripe
990dc659-038a-406b-9ebb-8421ffe461ed,S0198,C-RE-101,2026-01-23 08:06:48,199.00,0.00,paid,false,billing_stripe
cadd154b-df3c-4376-b7ce-04745ff6e064,S0199,C-RE-201,2026-02-13 20:11:48,199.00,20.00,paid,false,billing_stripe
4d079364-6c57-4cc1-9ac6-db7ce51302ed,S0200,C-RE-101,2026-01-04 08:31:48,149.00,0.00,paid,false,billing_stripe
d9cfe7a0-37fc-4405-b2b9-d5919afe8b70,S0200,C-HC-210,2026-01-23 04:27:48,199.00,20.00,paid,false,billing_stripe
